usable,main_class,middle_class,sub_class,cx,cy,min_x,min_y,max_x,max_y,x1,y1,x2,y2,x3,y3,x4,y4,arma3_class,id,modified,scaling_w,scaling_h,translation_x,translation_y,rotation,width,height
T,SAM,SAM,S-750,293.0,765.0,222.0,713.0,336.0,811.0,303,705,336,739,254,819,222,786,o_sam_system_04_f,id_6,F,F,F,F,F,F,47.38143096192854,114.56002793295748
T,SAM,SAM,5P85,802.0,956.0,764.0,883.0,826.0,1033.0,764,887,811,883,826,1029,778,1033,pook_5p85d_base,id_4,T,T,T,T,T,F,47.16990566028302,146.76852523616907
T,SAM,SAM,9K317,711.0,589.0,666.0,548.0,754.0,628.0,665,583,725,547,753,594,694,630,pook_9k317_root,id_10,F,F,F,F,F,F,69.9714227381436,54.70831746635972
T,SAM,SAM,S-75,855.0,313.0,796.0,250.0,915.0,369.0,866,250,915,298,845,369,796,321,pook_sa2_tracked_root,id_3,T,F,T,T,T,F,68.59300255857006,99.70456358662828
T,SAM,SAM,S-125,533.0,905.0,393.0,822.0,659.0,989.0,393,893,630,822,659,919,421,989,pook_sa3_static_root,id_0,T,T,T,T,T,F,247.40654801358835,101.24228365658294
