usable,main_class,middle_class,sub_class,cx,cy,min_x,min_y,max_x,max_y,x1,y1,x2,y2,x3,y3,x4,y4,arma3_class,id,width,height
T,civilian,car,car,1495.0,556.0,1482.0,535.0,1515.0,565.0,1481,539,1490,531,1515,560,1506,568,cup_c_golf4_kitty_civ,id_5,12.041594578792296,38.28837943815329
T,civilian,car,car,1007.0,568.0,992.0,547.0,1023.0,576.0,991,553,1001,544,1023,569,1013,578,cup_c_lada_civ,id_6,13.45362404707371,33.301651610693426
T,MLRS,MLRS,BM-21,1168.0,511.0,1149.0,473.0,1192.0,533.0,1145,479,1169,468,1195,525,1171,536,cup_o_bm21_tka,id_2,26.40075756488817,62.64982043070834
T,Support,Mil_car,HMMWV,1527.0,1149.0,1504.0,1121.0,1565.0,1170.0,1504,1138,1551,1118,1565,1151,1517,1171,rhsusf_m1165_usmc_wd,id_3,51.07837115648854,35.84689665786984
T,Support,Mil_truck,Ural-4320,1398.0,518.0,1363.0,492.0,1442.0,528.0,1361,498,1440,491,1443,521,1364,528,rhs_ural_fuel_vv_01,id_1,79.30952023559341,30.14962686336267
T,Support,Mil_truck,Ural-4320,1094.0,795.0,1069.0,749.0,1121.0,828.0,1100,746,1123,758,1089,828,1065,817,rhs_ural_vv_01,id_4,25.942243542145693,77.82030583337487
