usable,main_class,middle_class,sub_class,cx,cy,min_x,min_y,max_x,max_y,x1,y1,x2,y2,x3,y3,x4,y4,arma3_class,id,modified,scaling_w,scaling_h,translation_x,translation_y,rotation,width,height
T,SAM,SAM,S-750,382.0,752.0,322.0,700.0,422.0,786.0,397,697,423,730,347,788,322,754,o_sam_system_04_f,id_6,F,F,F,F,F,F,42.01190307520001,95.60334722173695
T,SAM,SAM,5P85,817.0,913.0,785.0,825.0,839.0,972.0,785,828,828,825,839,970,794,972,pook_5p85d_base,id_4,T,T,T,T,T,F,43.10452412450461,145.41664278891878
T,SAM,SAM,9K317,751.0,624.0,715.0,587.0,786.0,660.0,711,613,768,585,792,633,735,661,pook_9k317_root,id_10,F,F,F,F,F,F,63.50590523722971,53.66563145999496
T,SAM,SAM,S-75,875.0,434.0,833.0,391.0,916.0,472.0,882,391,916,433,867,472,833,430,pook_sa2_tracked_root,id_3,T,T,T,T,T,F,54.037024344425184,62.62587324740471
T,SAM,SAM,S-125,583.0,851.0,461.0,778.0,689.0,926.0,461,831,664,778,689,874,484,926,pook_sa3_static_root,id_0,T,T,T,T,T,F,209.8046710633488,99.20181449953424
