usable,main_class,middle_class,sub_class,cx,cy,min_x,min_y,max_x,max_y,x1,y1,x2,y2,x3,y3,x4,y4,arma3_class,id,modified,scaling_w,scaling_h,translation_x,translation_y,rotation,width,height
T,Armored,IFV,BMP-2,832.0,646.0,800.0,604.0,861.0,679.0,800,619,831,604,861,664,831,679,cup_b_bmp2_cz_des,id_6,T,T,T,F,T,F,34.438350715445125,67.08203932499369
T,Support,ASV,BRDM-2,690.0,801.0,667.0,768.0,710.0,831.0,688,766,710,774,688,832,666,824,cup_b_brdm2_cz_des,id_0,F,F,F,F,F,F,23.40939982143925,62.03224967708329
T,Armored,IFV,LAV-25,1523.0,1093.0,1483.0,1057.0,1576.0,1128.0,1550,1049,1576,1080,1508,1136,1482,1105,cup_b_lav25_green,id_11,F,F,F,F,F,F,40.45985664828782,88.09086218218096
T,Armored,APC,MT-LB,688.0,417.0,653.0,394.0,719.0,432.0,659,392,719,410,712,432,652,414,cup_b_mtlb_pk_cdf,id_10,F,F,F,F,F,F,62.6418390534633,23.08679276123039
T,Armored,IFV,BMD-1,637.0,659.0,606.0,634.0,663.0,678.0,652,633,663,654,616,678,606,656,rhs_bmd1,id_2,F,F,F,F,F,F,23.706539182259394,52.773099207835045
T,Armored,IFV,BMD-1,441.0,1218.0,406.0,1186.0,469.0,1251.0,404,1210,429,1186,470,1227,445,1251,rhs_bmd1pk,id_9,F,F,F,F,F,F,34.655446902326915,57.982756057296896
T,Armored,IFV,BMD-2,1224.0,566.0,1202.0,528.0,1251.0,594.0,1202,538,1232,528,1251,584,1220,594,rhs_bmd2,id_1,T,T,F,T,T,F,31.622776601683796,59.13543776789008
T,Armored,IFV,BMD-2,616.0,1082.0,590.0,1044.0,635.0,1120.0,605,1041,635,1048,619,1122,590,1116,rhs_bmd2k,id_8,F,F,F,F,F,F,30.80584360149873,75.7099729229908
T,Armored,IFV,BMP-3,1519.0,499.0,1493.0,468.0,1557.0,517.0,1542,464,1557,488,1506,519,1492,495,rhs_bmp3_msv,id_3,F,F,F,F,F,F,28.30194339616981,59.682493245507096
