usable,main_class,middle_class,sub_class,cx,cy,min_x,min_y,max_x,max_y,x1,y1,x2,y2,x3,y3,x4,y4,arma3_class,id,modified,scaling_w,scaling_h,translation_x,translation_y,rotation,width,height
T,Armored,IFV,BMP-2,819.0,634.0,786.0,592.0,849.0,671.0,786,607,817,592,849,656,818,671,cup_b_bmp2_cz_des,id_6,T,F,T,F,T,F,34.438350715445125,71.55417527999327
T,Support,ASV,BRDM-2,679.0,810.0,658.0,778.0,698.0,844.0,675,777,698,783,680,844,658,837,cup_b_brdm2_cz_des,id_0,F,F,F,F,F,F,23.769728648009423,63.60031446463138
T,Armored,IFV,LAV-25,1496.0,1097.0,1456.0,1064.0,1548.0,1139.0,1521,1058,1548,1096,1482,1143,1456,1105,cup_b_lav25_green,id_11,F,F,F,F,F,F,46.61544808322666,81.02468759581859
T,Armored,APC,MT-LB,642.0,342.0,601.0,315.0,678.0,364.0,609,314,678,336,670,363,600,342,cup_b_mtlb_pk_cdf,id_10,F,F,F,F,F,F,72.42237223399962,28.16025568065745
T,Armored,IFV,BMD-1,610.0,650.0,577.0,624.0,638.0,675.0,623,623,638,647,591,675,576,651,rhs_bmd1,id_2,F,F,F,F,F,F,28.30194339616981,54.70831746635972
T,Armored,IFV,BMD-1,481.0,1209.0,447.0,1185.0,507.0,1241.0,447,1206,465,1184,507,1219,489,1241,rhs_bmd1pk,id_9,F,F,F,F,F,F,28.42534080710379,54.67174773134658
T,Armored,IFV,BMD-2,1258.0,534.0,1236.0,495.0,1285.0,568.0,1236,502,1270,495,1285,561,1251,568,rhs_bmd2,id_1,T,T,F,T,T,F,34.713109915419565,67.68308503607086
T,Armored,IFV,BMD-2,630.0,1089.0,609.0,1057.0,646.0,1128.0,617,1056,646,1060,636,1128,607,1124,rhs_bmd2k,id_8,F,F,F,F,F,F,29.27456233660889,68.73136110975832
T,Armored,IFV,BMP-3,1595.0,452.0,1565.0,418.0,1642.0,479.0,1625,416,1642,443,1581,480,1565,452,rhs_bmp3_msv,id_3,F,F,F,F,F,F,31.906112267087632,71.34423592694787
