usable,main_class,middle_class,sub_class,cx,cy,min_x,min_y,max_x,max_y,x1,y1,x2,y2,x3,y3,x4,y4,arma3_class,id,modified,scaling_w,scaling_h,translation_x,translation_y,rotation,width,height
T,SAM,SAM,S-750,530.0,736.0,491.0,697.0,561.0,753.0,550,694,565,721,501,755,486,728,o_sam_system_04_f,id_6,F,F,F,F,F,F,30.886890422961,72.47068372797375
T,SAM,SAM,5P85,853.0,830.0,830.0,759.0,872.0,858.0,830,761,864,759,872,856,838,858,pook_5p85d_base,id_4,T,T,T,T,T,F,34.058772731852805,97.32933781753576
T,SAM,SAM,9K317,805.0,668.0,780.0,641.0,830.0,694.0,774,655,822,638,836,678,788,695,pook_9k317_root,id_10,F,F,F,F,F,F,50.92150822589606,42.37924020083418
T,SAM,SAM,S-75,897.0,560.0,868.0,536.0,924.0,583.0,881,583,924,560,911,536,868,559,pook_sa2_tracked_root,id_3,T,T,T,T,T,F,48.76474136094644,27.29468812791236
T,SAM,SAM,S-125,677.0,780.0,601.0,731.0,746.0,827.0,601,755,732,731,746,802,615,827,pook_sa3_static_root,id_0,T,T,T,T,T,F,133.18032887780387,72.3671196055225
