usable,main_class,middle_class,sub_class,cx,cy,min_x,min_y,max_x,max_y,x1,y1,x2,y2,x3,y3,x4,y4,arma3_class,id,modified,scaling_w,scaling_h,translation_x,translation_y,rotation,width,height
T,SAM,SAM,S-750,286.0,768.0,216.0,722.0,327.0,816.0,295,711,327,741,248,827,216,798,o_sam_system_04_f,id_6,F,F,F,F,F,F,43.86342439892262,116.77756633874505
T,SAM,SAM,5P85,805.0,957.0,766.0,894.0,830.0,1041.0,766,898,813,894,830,1036,783,1041,pook_5p85d_base,id_4,T,T,T,T,T,F,47.16990566028302,143.01398533010678
T,SAM,SAM,9K317,702.0,581.0,654.0,542.0,746.0,618.0,654,579,718,538,746,582,681,623,pook_9k317_root,id_10,F,F,F,F,F,F,76.00657866263946,52.15361924162119
T,SAM,SAM,S-75,849.0,269.0,787.0,202.0,911.0,330.0,860,202,911,249,838,330,787,284,pook_sa2_tracked_root,id_3,T,F,T,T,T,F,69.35416353759881,109.04127658827184
T,SAM,SAM,S-125,547.0,903.0,413.0,817.0,672.0,992.0,640,817,672,921,446,992,413,887,pook_sa3_static_root,id_0,T,T,T,T,T,F,108.81176406988357,236.8902699563661
