usable,main_class,middle_class,sub_class,cx,cy,min_x,min_y,max_x,max_y,x1,y1,x2,y2,x3,y3,x4,y4,arma3_class,id,modified,scaling_w,scaling_h,translation_x,translation_y,rotation,width,height
T,Armored,IFV,BMP-2,824.0,638.0,791.0,595.0,853.0,674.0,791,610,823,595,853,659,822,674,cup_b_bmp2_cz_des,id_6,T,T,T,F,T,F,35.34119409414458,70.68238818828917
T,Support,ASV,BRDM-2,680.0,808.0,657.0,775.0,700.0,841.0,676,774,700,781,680,841,656,834,cup_b_brdm2_cz_des,id_0,F,F,F,F,F,F,25.0,63.24555320336759
T,Armored,IFV,LAV-25,1520.0,1109.0,1479.0,1075.0,1574.0,1149.0,1547,1066,1575,1103,1506,1155,1479,1119,cup_b_lav25_green,id_11,F,F,F,F,F,F,46.400431032480725,86.40023148117139
T,Armored,APC,MT-LB,662.0,372.0,624.0,346.0,696.0,390.0,631,345,696,365,688,390,623,370,cup_b_mtlb_pk_cdf,id_10,F,F,F,F,F,F,68.00735254367721,26.248809496813376
T,Armored,IFV,BMD-1,619.0,653.0,586.0,626.0,646.0,676.0,633,626,646,649,598,676,585,652,rhs_bmd1,id_2,F,F,F,F,F,F,26.419689627245813,55.072679252057455
T,Armored,IFV,BMD-1,452.0,1231.0,417.0,1202.0,479.0,1265.0,415,1225,437,1201,480,1241,458,1265,rhs_bmd1pk,id_9,F,F,F,F,F,F,32.55764119219941,58.728187440104094
T,Armored,IFV,BMD-2,1245.0,545.0,1222.0,505.0,1272.0,576.0,1222,514,1254,505,1272,567,1240,576,rhs_bmd2,id_1,T,T,F,T,T,F,33.24154027718932,64.5600495662759
T,Armored,IFV,BMD-2,617.0,1099.0,592.0,1063.0,634.0,1138.0,604,1061,634,1066,621,1139,591,1135,rhs_bmd2k,id_8,F,F,F,F,F,F,30.4138126514911,74.14849964766651
T,Armored,IFV,BMP-3,1565.0,469.0,1538.0,436.0,1608.0,491.0,1592,434,1608,459,1552,492,1537,467,rhs_bmp3_msv,id_3,F,F,F,F,F,F,29.68164415931166,65.0
