usable,main_class,middle_class,sub_class,cx,cy,min_x,min_y,max_x,max_y,x1,y1,x2,y2,x3,y3,x4,y4,arma3_class,id,modified,scaling_w,scaling_h,translation_x,translation_y,rotation,width,height
T,Armored,IFV,BMP-2,874.0,690.0,849.0,656.0,898.0,711.0,849,672,873,656,898,696,875,711,cup_b_bmp2_cz_des,id_6,T,T,T,F,T,F,28.844410203711917,47.16990566028302
T,Support,ASV,BRDM-2,773.0,757.0,757.0,738.0,788.0,771.0,775,734,789,742,769,775,755,767,cup_b_brdm2_cz_des,id_0,F,F,F,F,F,F,16.1245154965971,38.58756276314948
T,Armored,IFV,LAV-25,1371.0,908.0,1343.0,874.0,1402.0,930.0,1390,869,1409,896,1353,933,1335,906,cup_b_lav25_green,id_11,F,F,F,F,F,F,33.015148038438355,67.11929677819934
T,Armored,APC,MT-LB,782.0,586.0,761.0,573.0,803.0,591.0,762,572,803,580,801,591,760,583,cup_b_mtlb_pk_cdf,id_10,F,F,F,F,F,F,41.77319714841085,11.180339887498947
T,Armored,IFV,BMD-1,741.0,692.0,722.0,676.0,760.0,698.0,756,674,760,686,725,699,721,687,rhs_bmd1,id_2,F,F,F,F,F,F,12.649110640673518,37.33630940518894
T,Armored,IFV,BMD-1,574.0,973.0,550.0,950.0,595.0,987.0,549,964,565,946,595,973,580,990,rhs_bmd1pk,id_9,F,F,F,F,F,F,24.08318915758459,40.36087214122113
T,Armored,IFV,BMD-2,1138.0,653.0,1120.0,626.0,1156.0,667.0,1120,637,1140,626,1156,656,1136,667,rhs_bmd2,id_1,T,T,F,T,T,F,22.825424421026653,34.0
T,Armored,IFV,BMD-2,710.0,900.0,691.0,874.0,726.0,915.0,706,869,726,876,710,920,690,912,rhs_bmd2k,id_8,F,F,F,F,F,F,21.18962010041709,46.8187996428785
T,Armored,IFV,BMP-3,1330.0,621.0,1311.0,602.0,1352.0,625.0,1346,598,1352,612,1316,628,1310,614,rhs_bmp3_msv,id_3,F,F,F,F,F,F,15.231546211727816,39.395431207184416
