usable,main_class,middle_class,sub_class,cx,cy,min_x,min_y,max_x,max_y,x1,y1,x2,y2,x3,y3,x4,y4,arma3_class,id,modified,scaling_w,scaling_h,translation_x,translation_y,rotation,width,height
T,Armored,IFV,BMP-2,843.0,661.0,813.0,618.0,873.0,692.0,813,633,843,618,873,677,843,692,cup_b_bmp2_cz_des,id_6,T,T,T,F,T,F,33.54101966249684,66.18912297349165
T,Support,ASV,BRDM-2,709.0,789.0,687.0,759.0,728.0,814.0,709,756,728,764,705,816,686,808,cup_b_brdm2_cz_des,id_0,F,F,F,F,F,F,20.615528128088304,56.859475903318
T,Armored,IFV,LAV-25,1501.0,1051.0,1463.0,1011.0,1549.0,1085.0,1529,1008,1549,1033,1482,1087,1462,1063,cup_b_lav25_green,id_11,F,F,F,F,F,F,32.01562118716424,86.05230967266364
T,Armored,APC,MT-LB,717.0,471.0,686.0,451.0,745.0,482.0,690,449,745,464,740,483,685,468,cup_b_mtlb_pk_cdf,id_10,F,F,F,F,F,F,57.0087712549569,19.6468827043885
T,Armored,IFV,BMD-1,664.0,669.0,637.0,646.0,688.0,684.0,679,644,688,663,645,684,636,665,rhs_bmd1,id_2,F,F,F,F,F,F,21.02379604162864,47.8539444560216
T,Armored,IFV,BMD-1,455.0,1166.0,421.0,1134.0,481.0,1196.0,420,1156,445,1133,482,1173,457,1196,rhs_bmd1pk,id_9,F,F,F,F,F,F,33.97057550292606,54.48853090330111
T,Armored,IFV,BMD-2,1200.0,593.0,1178.0,557.0,1225.0,617.0,1178,568,1205,557,1225,606,1198,617,rhs_bmd2,id_1,T,T,F,T,T,F,29.154759474226505,52.92447448959697
T,Armored,IFV,BMD-2,630.0,1040.0,604.0,1003.0,649.0,1073.0,620,999,649,1006,632,1076,603,1069,rhs_bmd2k,id_8,F,F,F,F,F,F,29.8328677803526,72.03471385380801
T,Armored,IFV,BMP-3,1464.0,537.0,1440.0,509.0,1497.0,550.0,1485,505,1497,526,1451,553,1438,532,rhs_bmp3_msv,id_3,F,F,F,F,F,F,24.186773244895647,53.33854141237835
