usable,main_class,middle_class,sub_class,cx,cy,min_x,min_y,max_x,max_y,x1,y1,x2,y2,x3,y3,x4,y4,arma3_class,id,modified,scaling_w,scaling_h,translation_x,translation_y,rotation,width,height
T,Armored,IFV,BMP-2,858.0,675.0,829.0,636.0,884.0,701.0,829,652,857,636,884,686,857,701,cup_b_bmp2_cz_des,id_6,T,T,T,F,T,F,32.2490309931942,56.824290580701486
T,Support,ASV,BRDM-2,737.0,774.0,717.0,749.0,754.0,794.0,737,744,754,753,733,796,716,788,cup_b_brdm2_cz_des,id_0,F,F,F,F,F,F,19.235384061671343,47.8539444560216
T,Armored,IFV,LAV-25,1449.0,986.0,1416.0,946.0,1490.0,1015.0,1473,943,1493,968,1430,1017,1411,991,cup_b_lav25_green,id_11,F,F,F,F,F,F,32.01562118716424,79.81227975693966
T,Armored,APC,MT-LB,748.0,529.0,722.0,513.0,773.0,537.0,724,511,773,522,770,537,721,527,cup_b_mtlb_pk_cdf,id_10,F,F,F,F,F,F,50.21951811795888,15.297058540778355
T,Armored,IFV,BMD-1,699.0,680.0,675.0,661.0,721.0,690.0,715,660,721,674,680,690,675,676,rhs_bmd1,id_2,F,F,F,F,F,F,15.231546211727816,44.01136216933077
T,Armored,IFV,BMD-1,500.0,1080.0,470.0,1051.0,525.0,1103.0,470,1070,491,1048,525,1083,503,1104,rhs_bmd1pk,id_9,F,F,F,F,F,F,30.4138126514911,48.79549159502341
T,Armored,IFV,BMD-2,1171.0,623.0,1151.0,592.0,1193.0,642.0,1151,603,1174,592,1193,630,1170,642,rhs_bmd2,id_1,T,T,F,T,T,F,25.495097567963924,42.485291572496
T,Armored,IFV,BMD-2,662.0,976.0,639.0,943.0,680.0,1001.0,656,937,680,945,662,1005,638,997,rhs_bmd2k,id_8,F,F,F,F,F,F,25.29822128134704,62.6418390534633
T,Armored,IFV,BMP-3,1401.0,579.0,1379.0,556.0,1428.0,587.0,1419,551,1428,569,1387,590,1377,573,rhs_bmp3_msv,id_3,F,F,F,F,F,F,20.12461179749811,46.06517122512408
