usable,main_class,middle_class,sub_class,cx,cy,min_x,min_y,max_x,max_y,x1,y1,x2,y2,x3,y3,x4,y4,arma3_class,id,modified,scaling_w,scaling_h,translation_x,translation_y,rotation,width,height
T,SAM,SAM,S-750,333.0,759.0,266.0,706.0,375.0,800.0,345,701,375,735,295,804,266,770,o_sam_system_04_f,id_6,F,F,F,F,F,F,45.34313619501854,105.64563407921788
T,SAM,SAM,5P85,808.0,940.0,773.0,858.0,830.0,1010.0,773,861,818,858,830,1008,784,1010,pook_5p85d_base,id_4,T,T,T,T,T,F,45.09988913511872,150.47923444781344
T,SAM,SAM,9K317,730.0,605.0,689.0,565.0,769.0,644.0,688,596,744,563,772,611,716,644,pook_9k317_root,id_10,F,F,F,F,F,F,65.0,55.569775957799216
T,SAM,SAM,S-75,864.0,374.0,811.0,319.0,916.0,423.0,872,319,916,367,855,423,811,375,pook_sa2_tracked_root,id_3,T,F,T,T,T,F,65.11528238439882,82.80700453464067
T,SAM,SAM,S-125,559.0,873.0,442.0,798.0,662.0,949.0,442,852,635,798,662,897,469,949,pook_sa3_static_root,id_0,T,T,T,T,T,F,200.4120754844877,102.61578825892242
