usable,main_class,middle_class,sub_class,cx,cy,min_x,min_y,max_x,max_y,x1,y1,x2,y2,x3,y3,x4,y4,arma3_class,id,width,height
T,civilian,car,car,1602.0,500.0,1590.0,475.0,1626.0,518.0,1590,480,1603,472,1626,511,1612,519,cup_c_golf4_kitty_civ,id_5,15.264337522473747,45.27692569068709
T,civilian,car,car,1016.0,514.0,998.0,488.0,1036.0,530.0,997,497,1010,487,1036,521,1022,530,cup_c_lada_civ,id_6,16.401219466856727,42.80186911806539
T,MLRS,MLRS,BM-21,1213.0,432.0,1192.0,383.0,1242.0,467.0,1189,390,1219,381,1243,459,1214,468,cup_o_bm21_tka,id_2,31.32091952673165,81.60882305241266
T,Support,Mil_car,HMMWV,1538.0,1222.0,1516.0,1201.0,1577.0,1252.0,1516,1219,1563,1200,1577,1232,1529,1252,rhsusf_m1165_usmc_wd,id_3,50.69516742254631,34.92849839314596
T,Support,Mil_truck,Ural-4320,1492.0,445.0,1451.0,416.0,1548.0,461.0,1449,427,1544,415,1549,449,1453,461,rhs_ural_fuel_vv_01,id_1,95.75489543621256,34.36568055487916
T,Support,Mil_truck,Ural-4320,1110.0,817.0,1081.0,770.0,1143.0,860.0,1118,769,1143,781,1105,860,1081,848,rhs_ural_vv_01,id_4,27.73084924772409,87.66413177577246
