usable,main_class,middle_class,sub_class,cx,cy,min_x,min_y,max_x,max_y,x1,y1,x2,y2,x3,y3,x4,y4,arma3_class,id,width,height
F,civilian,car,car,1352.0,628.0,1342.0,615.0,1366.0,630.0,1341,617,1345,611,1366,627,1362,633,cup_c_golf4_kitty_civ,id_5,7.211102550927978,26.40075756488817
F,civilian,car,car,995.0,637.0,983.0,623.0,1006.0,638.0,982,626,987,620,1006,634,1001,640,cup_c_lada_civ,id_6,7.810249675906654,23.600847442411894
T,MLRS,MLRS,BM-21,1113.0,606.0,1098.0,580.0,1129.0,615.0,1094,585,1109,574,1132,609,1117,620,cup_o_bm21_tka,id_2,18.601075237738275,41.88078318274385
T,Support,Mil_car,HMMWV,1392.0,959.0,1372.0,936.0,1418.0,965.0,1371,945,1411,932,1418,954,1378,967,rhsusf_m1165_usmc_wd,id_3,42.05948168962618,23.08679276123039
T,Support,Mil_truck,Ural-4320,1281.0,608.0,1255.0,589.0,1311.0,612.0,1254,591,1310,588,1311,609,1255,612,rhs_ural_fuel_vv_01,id_1,56.08029957123981,21.02379604162864
T,Support,Mil_truck,Ural-4320,1060.0,761.0,1041.0,727.0,1079.0,778.0,1065,723,1084,735,1054,781,1035,769,rhs_ural_vv_01,id_4,22.47220505424423,54.91812087098393
