usable,main_class,middle_class,sub_class,cx,cy,min_x,min_y,max_x,max_y,x1,y1,x2,y2,x3,y3,x4,y4,arma3_class,id,width,height
T,civilian,car,car,1635.0,487.0,1625.0,460.0,1660.0,508.0,1624,467,1640,459,1659,501,1644,509,cup_c_golf4_kitty_civ,id_5,17.88854381999832,46.09772228646444
T,civilian,car,car,1019.0,500.0,1000.0,474.0,1039.0,520.0,999,483,1014,473,1039,510,1025,520,cup_c_lada_civ,id_6,18.027756377319943,44.654227123532216
T,MLRS,MLRS,BM-21,1229.0,409.0,1208.0,358.0,1258.0,450.0,1206,365,1237,357,1259,441,1228,449,cup_o_bm21_tka,id_2,32.01562118716424,86.83317338436964
T,Support,Mil_car,HMMWV,1508.0,1206.0,1487.0,1190.0,1544.0,1236.0,1486,1206,1533,1189,1544,1219,1497,1236,rhsusf_m1165_usmc_wd,id_3,49.9799959983992,31.95309061734092
T,Support,Mil_truck,Ural-4320,1524.0,425.0,1481.0,397.0,1585.0,444.0,1479,410,1581,395,1585,429,1484,444,rhs_ural_fuel_vv_01,id_1,103.0970416646375,34.23448553724738
T,Support,Mil_truck,Ural-4320,1110.0,820.0,1081.0,777.0,1145.0,867.0,1118,776,1145,788,1107,867,1080,854,rhs_ural_vv_01,id_4,29.546573405388315,87.66413177577246
