usable,main_class,middle_class,sub_class,cx,cy,min_x,min_y,max_x,max_y,x1,y1,x2,y2,x3,y3,x4,y4,arma3_class,id,modified,scaling_w,scaling_h,translation_x,translation_y,rotation,width,height
T,SAM,SAM,S-750,448.0,744.0,398.0,697.0,485.0,770.0,468,694,488,726,416,771,396,740,o_sam_system_04_f,id_6,F,F,F,F,F,F,37.73592452822641,84.90583018850944
T,SAM,SAM,5P85,832.0,874.0,805.0,792.0,852.0,917.0,805,794,844,792,852,914,811,917,pook_5p85d_base,id_4,T,T,T,T,T,F,39.05124837953327,122.2620137246234
T,SAM,SAM,9K317,776.0,646.0,745.0,613.0,807.0,678.0,739,634,793,611,812,656,759,679,pook_9k317_root,id_10,F,F,F,F,F,F,58.69412236331676,48.84669896727925
T,SAM,SAM,S-75,886.0,496.0,857.0,467.0,916.0,523.0,893,467,916,500,878,523,857,491,pook_sa2_tracked_root,id_3,T,T,T,T,T,F,40.22437072223753,44.41846462902562
T,SAM,SAM,S-125,629.0,817.0,528.0,756.0,716.0,879.0,528,794,697,756,716,842,547,879,pook_sa3_static_root,id_0,T,T,T,T,T,F,173.21951391226105,88.07383266328314
