usable,main_class,middle_class,sub_class,cx,cy,min_x,min_y,max_x,max_y,x1,y1,x2,y2,x3,y3,x4,y4,arma3_class,id,width,height
F,civilian,car,car,1429.0,592.0,1417.0,574.0,1446.0,596.0,1416,576,1423,570,1446,592,1439,599,cup_c_golf4_kitty_civ,id_5,9.219544457292889,31.827660925679098
T,civilian,car,car,1001.0,602.0,988.0,584.0,1016.0,607.0,987,589,996,581,1016,601,1008,609,cup_c_lada_civ,id_6,12.041594578792296,28.284271247461906
T,MLRS,MLRS,BM-21,1142.0,558.0,1125.0,526.0,1162.0,573.0,1120,531,1140,521,1166,567,1146,577,cup_o_bm21_tka,id_2,22.360679774997894,52.839379254491625
T,Support,Mil_car,HMMWV,1477.0,1063.0,1455.0,1036.0,1510.0,1077.0,1454,1050,1498,1033,1510,1061,1465,1079,rhsusf_m1165_usmc_wd,id_3,47.16990566028302,30.463092423455635
T,Support,Mil_truck,Ural-4320,1343.0,563.0,1313.0,540.0,1380.0,569.0,1312,543,1379,539,1380,565,1313,569,rhs_ural_fuel_vv_01,id_1,67.11929677819934,26.019223662515376
T,Support,Mil_truck,Ural-4320,1079.0,778.0,1057.0,737.0,1103.0,804.0,1084,734,1106,746,1074,806,1052,794,rhs_ural_vv_01,id_4,25.059928172283332,68.0
