usable,main_class,middle_class,sub_class,cx,cy,min_x,min_y,max_x,max_y,x1,y1,x2,y2,x3,y3,x4,y4,arma3_class,id,width,height
T,civilian,car,car,1554.0,525.0,1542.0,501.0,1577.0,537.0,1541,505,1552,497,1577,532,1566,540,cup_c_golf4_kitty_civ,id_5,13.601470508735444,43.01162633521314
T,civilian,car,car,1012.0,538.0,995.0,514.0,1030.0,550.0,995,522,1006,512,1030,542,1018,551,cup_c_lada_civ,id_6,14.866068747318506,38.41874542459709
T,MLRS,MLRS,BM-21,1192.0,468.0,1172.0,423.0,1219.0,496.0,1168,429,1195,419,1221,488,1195,498,cup_o_bm21_tka,id_2,28.792360097775937,73.7360156233031
T,Support,Mil_car,HMMWV,1547.0,1204.0,1524.0,1179.0,1587.0,1231.0,1524,1197,1571,1176,1587,1210,1539,1232,rhsusf_m1165_usmc_wd,id_3,51.47815070493501,37.57658845611187
T,Support,Mil_truck,Ural-4320,1449.0,478.0,1410.0,449.0,1500.0,490.0,1408,458,1497,448,1501,480,1412,490,rhs_ural_fuel_vv_01,id_1,89.56003573022959,32.2490309931942
T,Support,Mil_truck,Ural-4320,1104.0,808.0,1077.0,760.0,1135.0,848.0,1111,759,1135,770,1099,848,1075,837,rhs_ural_vv_01,id_4,26.40075756488817,85.90692637965812
